#{"t_start": 1789591720.8421266, "env_id": "None"}
r,l,t
-1708.238767,1000,8.448572
-1460.733937,1000,18.123391
-1242.249501,1000,28.212845
-584.046242,1000,38.485124
-1185.836708,1000,49.323148
-527.856058,1000,59.897027
-477.82373,1000,70.529165
-1929.238142,1000,81.245004
-441.746766,1000,92.068236
-804.184963,1000,102.874056
-1045.414423,1000,111.514913
-1619.292961,1000,122.283955
-1184.736346,1000,133.170198
-940.821416,1000,144.410067
-434.369382,1000,155.270337
-642.548421,1000,166.224554
-1362.723341,1000,177.288918
-1629.229212,1000,188.300345
-933.022146,1000,199.119744
-840.51683,1000,210.459317
-859.717814,1000,222.954109
-674.417456,1000,231.479943
-851.494983,1000,242.67538
-1535.412056,1000,253.50988
-1013.893811,1000,264.603648
-732.0287,1000,275.320094
-1245.968007,1000,286.238249
-1009.402376,1000,297.060287
-675.530411,1000,308.089371
-1416.734641,1000,319.265986
-972.446771,1000,330.065774
-1327.027938,1000,338.606515
-915.563561,1000,349.414361
-2404.247618,1000,360.292077
-1749.075149,1000,371.36444
-1645.020414,1000,382.338489
-1331.511535,1000,393.357834
-1127.602523,1000,404.364192
-1169.086772,1000,415.164876
-1093.756665,1000,426.14884
-1504.442577,1000,436.936999
-1358.300221,1000,447.839187
-763.41226,1000,456.343478
-808.013839,1000,467.525783
-2046.297976,1000,478.613294
-836.780813,1000,489.626424
-551.420042,1000,500.722177
-903.887641,1000,511.905298
-1117.074629,1000,523.060731
-568.175207,1000,534.424904
